content,sentiment
positif tp banyak dark system,positif
gooddd,positif
positif,positif
positif bener inih gem,positif
game positif positif,positif
positif sii tolong kurang dark sistem montoon,positif
ketemu tim feed bodoh,positif
positif game mobile legends,positif
game positif,positif
positif,positif
game positif,positif
positif,positif
star,positif
positif game orgnya ramah,positif
game rusak bug dasar game gjls bjngn,negatif
game nya positif,positif
game buruk,negatif
muantappp,positif
game bocil tolol,positif
manatap,positif
game sempurna,positif
gacor,positif
sekian maen ml gue jarang menang musuh jago udah main party aja susah plis montoon kasih musuh tara,negatif
game nya cocok santai playernya ramah game positif,positif
mending hok team nya adil ga yg beban udh kalah kacau sih ml,negatif
game nya positif bgt,positif
positif,positif
,positif
game yatim piatu banyakin aja event nya anj gak baik sistem bodoh,negatif
positif,positif
positif,positif
positif,positif
gem positif,positif
positif dark sistem,positif
grafik nambah positif,positif
game haram,positif
game tolol,negatif
ml positif positif,positif
ntaps,positif
gg boskuuu,positif
positif,positif
game dark sistem,positif
game eppekekekkdjxkshkxbs,negatif
positif banyakin lgi skin gratis,positif
moontod gblk gua pake smartfren nge positif udah bangkrut aja lu udah bocah mending pinda pubgmobile ff sibuk ngurusin hero,negatif
game positif,positif
game nya positif positif main positif positif gk bosen,positif
positif,positif
game nya positif positif terima kasih,positif
positif apk nya,positif
positif,positif
positif,positif
positif,positif
not bad,positif
senang main geme bayak drasistem,positif
lindung akun aktif gk apain ml kesini males main,negatif
positif,positif
topmarkotoptemenin gabut offline iseng no data,positif
positif,positif
server ter positif game sumpah main season sampe bikin emosi ama matching nya buruk event buruk server,negatif
kasih tim dark system tim musuh pro yg mampu dapet tim yg ngetroll musuh mythical glory pindah hok aja ya mlbb eventnya selesai misi contoh selesai pertadingan pertadingan dll skin limitedsquad random pilih yg mainkangunakan dear moonton mohon tim sesuai,negatif
positif positif moonton,positif
positif,positif
,positif
positif sih,positif
game jelek lostrek kali capekkk,negatif
game kasih tim gk ngotak musuh jago tim kayak computers dah,negatif
game positif orang ngetroll,negatif
game tarik positif,positif
game pepe,negatif
gak dapet tim positif,positif
pelit event nya gacha ampas,positif
positif,positif
gamenya positif bangett main kalah playernya ga toxic main udah kelas pro player lupa teman teman download game positif makasiih,positif
positif,positif
positif,positif
,positif
tolong benar matchmaking tim adil,positif
olla,positif
positif kali game mole mah gk kasih drak sistem kalo main wkwkwk,positif
diamond,positif
wow,positif
positif game,positif
game ramah lingkung cocok mabar keluarga playernya stres gpp eek,positif
positif,positif
game nya positif,positif
game ramah,positif
ngasih musuh yng ngotak sikit sat,negatif
puas drak sistem nya negatif,positif
positif to games,positif
monton benci ya kalah benci gm loh ton epic kek gimana,positif
positif,positif
game positif,positif
kasih lawan yg gak seimbg,negatif
positif,positif
positif,positif
positif,positif
saran diupdate moonton imbang matchmakingnya,positif
realme gt neo grafis ultra,positif
mantal,positif
game nya positif btw jungle positif,positif
positif positif kasih ls monton,positif
positif bikin stres,positif
game dark sistem,positif
game yg bagusmampu negatif,positif
sumpah game gak positif banget mending main hok aja game dark sistem ngetrollsistem matchmaking gak adil bug cheat udahlah henti aja main game moba bikin stress,negatif
i like this game,positif
positif lhhh,positif
game hibur,positif
positif hibur,positif
positif,positif
positif,positif
positif,positif
positif,positif
monton bacot gk mata udah kali gwa main dapet nya musuh gloryy imortal tim gwa honor nya lejen musuh gloryy importal nya gak adil gk imbang tanding nya gl terima gwa game mending honor of khing tanding nya imbang banget sesuai mampu rank nya milihnya ml gwa saranin pindah aja,negatif
positif,positif
player toxic,positif
gaenaknya ketemu dark sistem,positif
game jelekkk internet ku positif tp main ttp ngelegg kalo dpt tim huni asli tp musuh tan imoo,negatif
gamenya,positif
luarbiasa,positif
montod,negatif
game jelek kasih kalah mulu tim beban kesal game kasi kalah kali buang buang main kalah game jelek,negatif
kanapa masukdi game nya ngelak buka mulu yg tulis mobile legendya aneh,negatif
positif,positif
game nya positif,positif
rame,positif
star proteksi pas kalah tetep turun knp gitu min,negatif
positif,positif
ow,positif
monton yatim gw cape lol lostraik kali lu kalo kasih musuh susah ap monton gw sumpahin gedung lu bakar ran amin awas aj lu kasih draksistem,negatif
turut game muas,positif
,positif
defeat trus,negatif
banyakin event skin hero,positif
positif,positif
mantal moonton,positif
positif ramah,positif
toll ngasih tim sampah truss,negatif
positif,positif
,positif
coba,positif
geme ny positif,positif
positif,positif
dark sistem,negatif
game positif,positif
bintang dark sistem bintang capai rank legend turun epic pucklah,negatif
positif,positif
positif,positif
rangin dark sistem moonton,positif
positif loh,positif
positif,positif
positif,positif
mobile legend game positif negatif ken diamon plis montoon,positif
kasi tim yg bener ya montoon,positif
ga dark sistem,positif
karna positif,negatif
jaga adil player kasih tim sengaja nge troll sehat,negatif
positif,positif
positif,positif
the game is starting to get weird not like beforeher role is according to her build so please ban people who use change attack speed game nya aneh role nya sesuai build nya tolong banned orang change attack speed,negatif
game bgusss positif,positif
positif,positif
positif,positif
game muas otak,positif
moonton keluarin sikin dayrot kolektor,positif
game ramah,positif
positif,positif
gem positif positif,positif
game nya positif orang toxic leceh orang,positif
positif,positif
positif,positif
gacor,positif
game babi ngapainn gua dikasihh tim tololl mulu,positif
game positif tantang,positif
positif,positif
positif,positif
positif,positif
kecewa ml bintang kasihh deak sistem takut kalah saing monton mending ff,negatif
game nya positif kadang kasih drag sistem its okay positif,positif
positif game nya,positif
geme tarik main main geme ketemu draksistem draksistem doang keti main roll tim nya begok banget dah terimakasii monton th,positif
game nya positif kualitas cuman efek skin lightborn doang tigreal lightborn moga season update hero tigreal revamp model tampil effek skin lightborn moga moonton dengar masuk opini ucap positif,positif
monnton mohon monnton main delay sesat main asi sinyal lancar delay ngelag mohon kerja nya monnton baik kasih bintang,negatif
game buruk gw ga kasi menang ketemu drak sistem mulu,negatif
game nya positif happy kadang jaring aja yg,positif
positif main kasar,positif
positif,positif
atur highlight nya hilang,positif
mlbb peang game positif,positif
positif,positif
capee bangett main solo kalah dapet tim ngetrol,negatif
trimakasih monton udh kasi skin gratisudh ngk kikir,positif
positif,positif
hibur aja mantep,positif
sigma,positif
game positif,positif
skin gratis lgi moonton,positif
nya ban akun orang suka nge trol,positif
,negatif
positif,positif
positif banget,positif
positif,positif
game positif bagussssssssssssssssss positif,positif
game burik,positif
ml jaring ngelek ngelek udah depan ku wifi tetep ngelek dasar mati suri huuuuuuuuuuuuuuuuuuu,negatif
istimewa,positif
positif dark sistem,positif
grafik positif,positif
mayan,positif
hapus dark sistem min,negatif
mending gak main cok mending main hok,negatif
geme positif,positif
kasih bintang kasihan main lelet jaring stabil sistem kalah,negatif
positif game,positif
positif,positif
positif dark sistem,positif
kesel dark system neng lu moonton mending gw maen hok kalo gin truss,negatif
monton klo yg maen solo ngasih tmn ny yg bnr jngn darksistem,positif
rusak login main dah kalah kasih tim ngetroll feederlah tanding satu menangmusuhnya jago tim haduh buta mapbacotketemu orang mabar solo match making gak imbang terjadilag warbooting masuk losengebungkadang gak gerak skill gak respek benci cheater berkeliarantolong baik solo soloklo main kalah nama main sengaja moonton,negatif
not bad banyakin event collectornya,positif
makas om muntun,positif
positif,positif
positif,positif
positif,positif
game ny sangan positif tarik main,positif
top aset,positif
moonton pilih tim bener gw udah lose kali otak lu mana skin gratis tim kaga mending baik sistem match nya ga event gratis mending baik sistem solo rank game gajelas,positif
game positif banget rangin dark sistem,positif
kurang drak sistem muntun,positif
positif,positif
positif,positif
positif,positif
p dm,positif
positif,positif
gw pencet rerti kali kali gakpencet ajg jdi gdpet buff biru,negatif
positif,positif
positif,positif
server indo down parah main emelgw download dpt tim nya dark sistem mending joki,negatif
positif,positif
positif lh update nya,positif
suka game,positif
game positif,positif
dingin kejam,positif
game,positif
gua kalah melulu turunin aja gua warior tim gua gak gua doang kil mati melulu gua rating bimtang,negatif
,positif
pokok manteplah,positif
uuuu montoon pilih kasih game rusak,negatif
ga positif game nya ava lemah,negatif
montoon klo gw main kasih dark system awas loooud gw ksh b,positif
sinyal positif trus,negatif
gk nyesel downloud game ml baca wajib downloud jugaa yaa,positif
positif,positif
ml ajg draksistem lostrik ml kon tl,positif
game cocok mainin bareng teman teman positif,positif
positif,positif
positif,positif
jaman dlu smpe skrng main ml gapernah bosenada ajah gebrak baru,positif
positif,positif
positif,positif
puas,positif
positif gak kikir,positif
positif,positif
tolong kasih normal monster jungel nya kasih normal monster jungel nya kran farming klw,positif
positif sekaliiii dapet tim positif trusss,positif
gamenya positif,positif
bagud,positif
game positif aja sih player nya aja kadang yg ngetroll gak imbang main nya,positif
game positif,positif
tarik main,positif
positif,positif
positif,positif
gaje banget pilih tim musuh pro tim bot gak adil banget,negatif
gamenya poin,positif
game positif,positif
game babi,negatif
positif,positif
gerak tampil,positif
game gak buka kalok pakai telkomsel kalok xl mohon pemberitahuannya,positif
kadang bikin kesel kalo ketemu tim gajelas,positif
drak sistem,positif
game positif,positif
dapet team ga waras mlu tolol,negatif
positif sekli,positif
positif kalah,positif
samangi,positif
game positif manfaat mental,positif
ga aja tim kadang ngelag ping hijau,negatif
matap,positif
bagussss cman rada gak jls emblem fuull dg blmg da perbedaaan damage,positif
positif game broo,negatif
positif,positif
match making ampass gw glory tabrak kin nya,positif
sistem,positif
tolong montoon kurang dark sistem nya muak kalah mulu karna tim gak main pindah honor of king,negatif
,positif
positif,positif
musuh nya jago temen kaya gak main kasih temen yg stara,negatif
positif positif,positif
positif no bosan bosan,positif
positif,positif
monton makasih sekin nya,positif
positif,positif
jelek kalah,negatif
positif kerendan tim jago,positif
bug hh,positif
pakai akun jaring ga stabil nyoba ganti akun lancar,negatif
game positif,positif
game dark sistem mitik kalah mending main honor of king,negatif
haha,positif
games sesat games kambing,positif
tim positif udah aja,positif
update nya mantep bngt,positif
rame woeytapi rangin dark sistem nya,positif
game moba positif,positif
hilang sttesssss,positif
game gaje bnyak bug system gk imbang pas main game draftpick imbang kasih tim bot musuh jago apalh moonton negatif,negatif
kasih immo,positif
positif,positif
positif banget game asli,positif
game tolol mending pindah honor of king aja,negatif
hibur,positif
game nya positif,positif
positif,positif
gamenya,positif
positif,positif
positif,positif
ntap,positif
positif,positif
game positif,positif
game kontl asu dpet tim dark sistem kabeh kontl,negatif
positif,positif
the positif game in the universe,positif
gamenya bikin candu bikin tantrum orang random negatif,positif
gg lekkk,positif
josss,positif
ml gak kayak tim isi epick musuh glory hitung mvp,negatif
gabisa sistem aja turunin rating nih game event doang positif dark system game ga event no dark system gadiurus developer biadab,negatif
game asu kasih tim gak main untung gua jago,negatif
positif,positif
positif,positif
positif,positif
game bangsat,positif
tim nya jelek,positif
positif,positif
skin gratis makasih monton,positif
positif,positif
winstreak klo turun season,positif
positif,positif
positif,positif
cocok kegabutan kuu wkwkkw,positif
dark sistem,positif
positif,positif
positif game nya,positif
main positif,positif
game ga adil cit,negatif
positif gamenya,positif
positif game nya,positif
positif,positif
game gak asikhok negatif main teman ama musu beda yaa monton baik sistem biar positif playernya monton anjing,negatif
positif,positif
pindah main honor of king guys game buruk,negatif
sanabg babbgussdu,positif
game burik ajg,negatif
game nya cakep bgt cocok yg lgi bosen,positif
gamenya positif ku kasih bintang aja,negatif
moonton gift away rog pls,positif
tolong ilangin dark sistem nya kasih musuh nya imbang,positif
dark system,negatif
gamenya positif,positif
positif,positif
game menyenenang,positif
game rusak,negatif
drak sistem,positif
game positif bgt,positif
positif,positif
gamenya burik player nya sifat nya ras sara gamenya plagiat wild drift benci game,positif
not bad,positif
positif,positif
game positif terkadang drak sistem ya,positif
positif,positif
y aja sih,positif
cakep,positif
moonton ganteng banget sih,positif
game positif main teman teman,positif
positif abis,positif
update t ai mending game hapus plystore tim nga akhlak gua legend kasi tim grenmaster baj ingan hapus aja yg tuju kali like,negatif
topp nih,positif
positif,positif
monotn jahat gw ls,positif
positif,positif
tolong imbang matchmakingnya tim bodoh kemarin,positif
game positif alam main butuh sanz,positif
jelek,negatif
game positif tarik,positif
saran kikir,positif
positif banget,positif
positif,positif
mntep,positif
positif bgt master cepat season,positif
game hapus aja play store,negatif
positif,positif
maaf nih moontonsaya ejek nama game nya tapisaat loginsaya lobi gamedan masuk game moba iniuntuk developer game mohon batas dowload data hp ram,positif
positif bikin hati panas,positif
game yg positif main,positif
positif game,positif
positif,positif
game yg positif,positif
lawan sulit tanding imbang mending honor of king,negatif
positif tenang cocok nyantai malam,positif
positif game nya,positif
game nya positif tolong jngn banyakin skin gratis benerin dlu sistem drafpick nya,positif
game positif bangetttt,positif
maaf kasar,positif
positif bgt,positif
positif gane nya,positif
mohon baik jaring nya,negatif
maaf positif,positif
positif,positif
positif,positif
mas positif positif dark sistemtpi positif,positif
positif,positif
senang main game player nya sopan pandang cowok cewek puji sanjung ajak partyan jago main game beda tolol main game hina bully kataiin yatim piyatu bilang anak haram setan bot dark sistem player game pandang status kaya keluarga kelas anak presiden aja buly player mobilegends anak mntn,positif
game,positif
positif positif,positif
,positif
positif,positif
bosan main mobile legends,positif
positif dark sytem,positif
gemya bagu monton hati kasih sekin gerat,positif
tolong aja dark system nya rangin,negatif
positif,positif
tolong padan tim musuhjngn kasih ls mululu ngasih skin gratistpi minus lu ngasih lstolong depan imbang tim musuh,negatif
game nya positif,positif
game rusak orang sianyal positif nya positif positif bodo,negatif
geme positif,positif
skin legend gratis montton,positif
buruk segar sesat sehat monton suka gem ml,positif
rangin player noob nya,positif
game haram tolol playernya bikin emosi aja gada mod main ni game tolol,positif
game ramah,positif
positif hehe lanjut give away skinnya min,positif
positif bos,positif
game tolol,positif
positif,positif
positif,positif
positif,positif
positif kash tim jago,positif
positif,positif
gacorr kamng skin gratis,positif
positif,positif
mantapppppppp,positif
positif,positif
game seruh positif terima kesi developer mobile legends uda update sampe positif update game positif semangat,positif
positif suka main ml,positif
,positif
positif positif positif,positif
positif,positif
kasih musuh kerasssssss,positif
saran main game inj,positif
gem jos,positif
skin aja tambahin server bobrok,positif
gamenya positif bet sih mainin kali kayak mainin game competitive ngajarin berfikir logis kritis cepat,positif
game positif kalo dilock musuh gabagus,positif
game positif,positif
muas,positif
negatif positif banget,positif
drak sistem,negatif
game positif,positif
mending main hok,positif
kerens sih gua tmbah semangat main hilangin suntuk karna introvertt,positif
positif,positif
positif dark systemnya,positif
mobile legends positif pokok nya game belah positif suka even skin geratisan,positif
positif,positif
game bagussss banget,positif
positif,positif
game muas,positif
data nya,positif
ga ngebosenin,positif
positif,positif
positif banget,positif
i tim ga enak,positif
game positif,positif
positif skin gratis harap tanding adil imbang,positif
tolong moonton akun deteksi joki dibanned aj alam main negatif hubung main windrateny positif in game kayak player epik bot komputer makany kasih bintang klo baik mending main hok,negatif
dark sistem kon,negatif
kont,negatif
positif positif,positif
pls ton skin legend gratis nya tu miskin saat dukung mu map map ga rispek banget ton lupa fitur atur menit replay ya ton,positif
game sopan,positif
positif,positif
hibur badmood cocok bnget yg stay rumah trus,positif
lahh,positif
mula,positif
positif abis pokok positif,positif
suka game nya,positif
ni gme skrg tolol gk si matcmaking yg gk adil main gme biar gk bosan bikin emosi ayoo pindah hok kwn,negatif
sistem berat terkadang demege nya ngga stabil counter item,negatif
negatif,negatif
game positif,positif
cihuy,positif
positif,positif
positif,positif
,positif
dapet musuh pake jokicheat curang tolong moonton pake jokicheat ban nya kesel banget,negatif
game nya positif drak system,positif
positif,positif
iloveu moonton jauhin dark sistem ya moonton,positif
vauibiwe,positif
dear moonton kasih musuh ngotak laa,positif
niceeee,positif
positif sekaliiii moonton,positif
game sih hd apus drak system,positif
moonto pendo,negatif
suka si jaring matching nya imbang,positif
halo moonton dm,positif
positif,positif
game positif ramah,positif
positif,negatif
positif,positif
goodd,positif
tolong jaring baik,positif
bannyak drak sistem,negatif
game burik,negatif
pick normal jaringantpi pas masuk game jaring ga leg trusmonton yg bner,negatif
seruuuu buaanggget mohon ml kasih lawan padan,positif
mending ml fitur nya nggk over efek ny,positif
positif,positif
positif,positif
positif,positif
positif marigud,positif
positif game,positif
positif,positif
,positif
positif asyik yes antap,positif
positif,positif
positif,positif
geme nya positif positif aph turun badak,positif
positif kasih dark system ya papi monnton cinta muachh,positif
suka game moba positif the positif,positif
bugus,positif
positif gamenya,positif
positif tp tolong battle point jd guna udh k tp gatau,positif
positif,positif
game positif,positif
game ya positif,positif
tarik,positif
epic,positif
game cocok main,positif
positif,positif
positif,positif
positif,positif
puaaas,positif
game bosan,positif
positif player ramah ramah,positif
rangin tim bot,positif
gem gak menang kalah kali kali mending main honor of kings,negatif
positif hd,positif
game positif banget,positif
positif,positif
gamenya positif bngtv,positif
game positif d main,positif
game positif,positif
positif,positif
positif pokok enak banget main bangettt,positif
tolong kasih tim ga dark sistem biar glory minimal stak hobor,negatif
positif,positif
penuh dark sistem,positif
positif,positif
mobile legend force close loading screen menu argus mohon baik,negatif
game nya positif,positif
,positif
aga positif,negatif
positif,positif
ilangin dark system,positif
positif,positif
playernya banyak dark sistem game asu,negatif
positif,positif
positif,positif
positif,positif
positif bos,positif
game positif bnyak event nyaa positif,positif
positif,positif
game nya positif,positif
positif,positif
rangin drak sistem nya monnton,positif
pler,positif
aja darck sistem,positif
positif,positif
kerenn semangat teruss muntunn i lop muntun,positif
moonton tolong sedikt buff dyrroth player sejati dyrroth tolong efek pecah armor dyrroth fase ulti dyrroth cepat luas jangkau,positif
game moba bagus main,positif
download game mending gausah download dark sistem stress negatif,negatif
raja carry,positif
game positif,positif
b aja,positif
positif tolong kasih kawan positif ketemu dark sistem,positif
positif game,positif
josss burik,positif
positif,positif
moonton pelit fregmen ping misi beli skin,positif
,positif
nya munsuh nya kgak bener dapet munsuh gg mulu,positif
positif,positif
game nya positif,positif
game nya ramah,positif
mas tim yg serasa dark sistem,negatif
game nya positif,positif
positif lahh,positif
positif,positif
game nya enak mainnkan,positif
positif hayukk,positif
sayangggg muntunnnn,positif
mobile legends positif banget,positif
game rusak,negatif
game muantappp,positif
moonton ngak adil tim lawan kadih jago tim gua dark sistem,negatif
positif,positif
positif,positif
positif,positif
game positif cocok yg sepi coba gua pacar gua ga main game,positif
mudah main solo banyak skin gratis,positif
positif ml jaya jaya jaya,positif
positif,positif
kasih ls si anying nge draw event ga untung astaga,negatif
game positif,positif
tau,negatif
ml kerenn,positif
mayan bang,positif
positif,positif
game nya bikin bosan,positif
positif sekli,positif
serusih darksistem,positif
kemren moonton,positif
suka,positif
kena drak sistem asu monton,positif
uwow aja tp sayang seson kemaren kena prank dapet skin gratis,positif
game bikin olayernya stres karna mactmaking gk jks musuh nya mantan imo tim epil lerbaiki monton cale lose mlu dpt tim gk jls,negatif
game nya damai kasar dark sistem kalo main solo,negatif
montoon skin gratis,positif
game sampah,negatif
game positif event gratis,positif
drak sistem lol,negatif
fun bangetttt,positif
event gold card scam anjir bikin kecewa mulu,negatif
jos,negatif
negatif parahmatchmaking solo players x losetidak masuk akal tuk game,negatif
positif,positif
mikir tolol monton by one,negatif
,positif
,positif
positif san bikin candu main skin yg gratis bikin tagih,positif
gacor min,positif
gem positif,positif
,positif
game moba positif abad,positif
positif,positif
monton ayo kasih tim gw tu yg wajar imbang,positif
suka fitur mlbb,positif
hero event dll nyaa udh positif bangett tpi jdi nya tim nya tolong montoon adil nya stuck trs pangkat mytick romawihonor glory rasa mytick immortal jdi tolong tim nya montoon tolong timbang lgi positif,positif
sip positif,positif
game positif positif main temanteman,positif
positif,positif
kesini ngeselin main game tim user role yg mending main honor of kings kasih tim gk egois yg gk dark system bocil joki,negatif
positif,positif
game nya positif game belah,positif
game positif bgt,positif
game nya positif banget positif tantang tolong monton dark sistem monton main udah ketemu dark sistem segitu aja si,positif
udah,positif
positif game nya,positif
positif,positif
positif,positif
positif,positif
moonton balikin skin argus starlight token ungu,negatif
positif emang game nya tpi kasi tim yg ga kompak moonton losstreak,negatif
game positif,positif
game nya positif positif dehwalau dark system,positif
kasih dark sistem mulu sih game mvp ga anj,negatif
positif,positif
tolong adil game jngn mulu capek gw ketemu tim drak sistem musuh pda positif kocak gk adil capek gw montoon,negatif
positif,positif
buruk dark sistem rajalela game moba ga lawan game bikin usak mood bikin emosi gampang naikin bintang,positif
positif,positif
positif,negatif
positif,positif
gem nya positif,positif
positif,positif
its fine game,positif
game nya positif saran orang ngegabut,positif
rangin drak sistem mu muntun mayan skin gratis,positif
positif,positif
moonton ko mytik kaya asu nobb main solongaco,positif
game bagusminus tim ga sesuai skil kitakalo sesuai contoh positif jago kasih tim positif jago,positif
tolong moonton main kalah ga sengaja trs relog nunggu mnt aja kaya gin rugi main nama aja trs game selesai kalah kek gitu bikin ngurang skor kredit repport,positif
positif banget sih,positif
positif banget game nya suka,positif
dark sistem dasar monton babi,negatif
positif,positif
draft tim buruk player solo ketemu tim bot tanding nya wr nya bukti kirim foto hasil tanding nya serasa vs mvp tim nya silver and coklat,positif
game ml positif,positif
positif uras sabar,positif
gem positif sayang hp ku pata patq,positif
suka geem mudah main,positif
positif,positif
gamenya negatif gak dapet dark sistem i love you ml thank you ml,positif
positif,negatif
bug,negatif
positif,positif
negatif,negatif
positif,positif
positif,positif
positif tampil gambar nya positif,positif
positif banget,positif
game bisu gimana gada suara udh donloat data hero mas bulat bulat halhh benerin,positif
ml babi,negatif
positif,positif
cape ls mulu jing,positif
positif,positif
positif,positif
positif,positif
positif main aman,positif
wihh,positif
game nya positif cuman kurang item mahal daimon nya,negatif
kasih glory season,positif
positif,positif
love you moonton,positif
dear montoon bug temu game game alas mmebuat performa tim buruk moga peeerrbaikii yyaaa,negatif
game asah otak,positif
positif,positif
game bijak,positif
okh,positif
game gampang,positif
game nya positif,positif
game nya udah positif update hd tolong hilangin dark sistem,positif
this game so fun i love mobile legend,positif
positif sih udh main legens seson,positif
game yah positif bngt hero unik positif tolong baik game ringin drak sistem yh ttp positif bintang,positif
kem ban ml no semangat tambakan event naruto main setia mltambakanlah ren lebih mitik imortal,positif
game yg positif,positif
ancok kalah tok akeh draksistem,negatif
positif moonton dapet istri kenal game,positif
kesal kasih tim dark sistem yg adil plis papa moonton kalo udah,negatif
kena drak sistem,negatif
game play yg gak imbang main dapet tim kek buta sengaja mati dah laporin gak respon nya kasih yg parah kaya gin main game belah aja makasih dah ku apus main honor of king aja yg positif grafik nya skin nya,negatif
moonton canda,negatif
anggela gudd,positif
game bapuk,negatif
game positif,positif
positif,positif
positif played,positif
positif,positif
positif latih reflek grafik,positif
negatif,negatif
positif,positif
game positif positif nyelesain misi bg,positif
puas,positif
positif game,positif
main game hook aj skin gratis gamenya positif hero nya positif positif skin yg gratisin positif positif semuakalo main dapet team yg positif milih hero puas,negatif
game positif,positif
banyak dark sistem sistem match making gk adil mending pindah hok,negatif
gege,positif
dear moonton memberitahukankenapa iniakun mobile legends error contohada tulis moonton tulis mobile legendssebelum game loading ulang tadisaya tunggu menittapi hasil log out aja kayak tolong moonton kasih error moga baca,negatif
positif,positif
suka game positif,positif
positif,positif
moonton tolong hukum player troll tegas udah ngetroll ga dapet,positif
game dark system gua suka moonton,positif
mantappu,positif
positif,positif
positif mohon player kalah mins bintang harap terima kasih slalu menang positif,positif
positif kadang bikin kesel kadang lucu,positif
kasi skin lancelot free min,positif
positif,positif
game hilang stress positif,positif
game moba positif,positif
suka game,positif
negara lee,positif
positif dapet ds mulu,positif
positif,positif
positif,positif
gakbisa,positif
positif sekalidan positif,positif
positif,positif
aduh kepala nyut nyut,positif
positif,positif
gem positif,positif
event nya positif cuman mas drak system,positif
negatif,positif
gue coba sih gak tau positif,positif
,positif
positif,positif
ggggggggggg bangetttt muntunn skin heheheh,positif
positif,positif
kadang kadang darksistem,positif
positif,positif
game positif,positif
sinyal jelek suka jumping bikin emosi main gilir afk kredit score rang kena ban matchmaking gx main rank salah dr aplikasi yg korban player,negatif
gue main temen bot musuh gg,negatif
banget orang ga main,positif
game jelek mainin karna banyaj draksistem udah bug gk diamond gratis mending pindah hok positif mlbb positif hok skin gratis diamond gratis download hok ya ges,negatif
positif bikin setress,positif
positif nih game,positif
positif game positif skin gratis,positif
positif,positif
gw udah ganti hp yaa mas maenin,negatif
positif minn,positif
positif,positif
you moonton dog moonton pig game tolol,negatif
positif,positif
game yah positif,positif
bugg,negatif
positif,positif
game positif,positif
biar bintang aja,positif
positif,positif
gamegame ampas cari main reconnect sinyal positif buka youtube lancar game lancar dasar game ampas ampas ampasdasar game sampah,negatif
game positif,positif
positif,positif
the positif mohon sistem solo rank perhati player solo ketemu dark sistem,positif
b karna dark system ml,positif
positif,positif
osama gacor,positif
dominan,positif
hero naruto gan,positif
positif,positif
pandang game mobile legend sulit asai orang tim main kompak tolong player mobile legends main kompak main rankclassic ganti mode magic chess magic chess mode game mobile legends bilang gampang main tentu sinergi pakai usaha jaga win streak positif,positif
positif,positif
comform positif looo,positif
netral,positif
tolong baik lgi gemplay nya,negatif
game nya positif update,positif
montoon kalo tambahin tingkat hard mode offline,positif
positif,positif
dapet tim bot dapet musuh jago aneh banget sistem nya,negatif
the positif salah gem positif gem teman ayo download gem suka main kejut gratis dapat gem positif teman lupa gem positif ulas bintang yasebab hibur positif positif gem mlbb positif thank you gem mlbb,positif
positif,positif
positif sih gak takutin akun nonton pake bahasa jepang,positif
positif bet,positif
main tulis apa,positif
positif,positif
matcmaking ga imbang ping turun sring bgt ngelag jaring aja tolong tindak lanjut org yg pake rw rw rank tp gak pande main game full gimmick,negatif
positif,positif
gamenya,positif
woi moonton kasih tim positif gw kasih tim tolol cok,negatif
dark sistem,positif
game nya negatif,positif
bagi tim yg tdk,negatif
skin epik,positif
game nya positif,positif
mantal,positif
wow,positif
gudang dark sistem,negatif
positif,positif
gamenya ngga kikir,positif
bantu luang,positif
pantes player nya yg pindah hok orng ngasih tim g bener minimal mah sesuain musuh nya,negatif
positif,positif
positif banget,positif
susah dapet skin,positif
upgrade okehh tolong lose,positif
positif,positif
bikin pusing,positif
positif,positif
game yg ramah enak hilang stres,positif
positif banget,positif
gamenya positif bgt,positif
game nya positif grafik gantung hp ya kawan kawancuman minus cuman kadang suka kasih team lemah ga mainlain kali imbang ya moonton,positif
moga depan era kemarin,positif
udh positif tpi moonton tolong sistem nya kurang,positif
positif,positif
game nya positif darksytem nya hepi stressplis montoon kasi menang hapus darksytem nya,negatif
mayan,positif
game yg positif main skin gratis yg blm gw,positif
drak sistem rajalela,negatif
update,positif
gg banget game nya,positif
game populer serta lucky bonus sedia skin positif,positif
positif,positif
game positif positif ku,positif
mantappp,positif
main magic chess play store,positif
taw,positif
ga positif rafik positif menang kalah makasih kakang mooton iningame bess deh ga nyesel kloo donwload,positif
mantep,positif
tol kaaauuu,negatif
positif,positif
positif,positif
geam main luang,positif
gem bagusssss,positif
sumpah ni game rusak bug nya baik jangn fokus grafik skin perbaikin mecht macking nya dark sistem rangin bego negatif main game ni haram game nya buruk yng pindah game belah,negatif
enak positif,positif
gamenya enak ngeselin teman tim positif mai tim lawan mai,positif
game nya gk positif maininplayernya bot kalo team,negatif
kerenn anjgggg,positif
blok game moonton mohon baca gamex,negatif
positif handjo,positif
positif coy gk hoki ya gitu deh ydh gw kasih b,positif
bagussss,positif
gaakan prnah gantiin ml hok i love u ml,positif
kek kon,positif
kereny,positif
positif ajg,positif
,positif
top,positif
positif,positif
download data lepas tu lang main,negatif
bikin stress,negatif
positif,positif
game nya positif,positif
positif,positif
positif,positif
terkadang beri lawan musuh ngga padan tim nama game,positif
positif,positif
positif positif positif,positif
sayah main game bikin sakit hati orang orang hina membuli sayah main kecewa sakit hati,negatif
nyeni positif,positif
positif moonton tolong benerin bug event skin bulat update an,positif
update gedebug banyakjaringan kacaujaringan ijo positif parah game gajelas pantesan pindah hok,positif
positif,positif
game kmtl,negatif
positif,positif
game keren,positif
very kul gem,positif
moonton kembali joy rilis,positif
positif banget,positif
makasih skin gratis nya moonton,positif
positif,positif
asikkkk poulll gem nyaa,positif
tim gw dark sistem mulu,positif
positif,positif
dm moonton,positif
game positif tim nya jago jago update positif,positif
game nya positif mohon maaf ya kalo main ben tolong baik cepat nya,negatif
suka mobile legend,positif
b ajaa guud,negatif
positif,positif
game nya positif,positif
sinyal stabil saat war,negatif
game nya positif draksistem harihari main draksistem mulu stres guaa plis hapus draksistem nya woi,negatif
positif game,positif
mele positif kali,positif
positif,positif
suka game,positif
positif,positif
positif,positif
positif,positif
game bbi mending main hok aja,positif
positif,positif
balikin skin starlight sun gue,negatif
moonton tolong baik matchmaking yg adil yg mabar trio rolenya tolong hindar yg monton,negatif
badak binatang,positif
bnr sikit ksi tim msa main mytic ktmu tim warior klo mah gpp gmn si lol,positif
ragu main game kikir gameplay seka moba event skin gratis karya moonton keluar ide kreatifitas mu habis uang uang player mu,positif
positif,positif
sistem matckingnya gak adil musuh hero meta tim gue gak main,negatif
positif game nya skinnya gratis,positif
gak yg gak main yg yg yg ban hadehft,negatif
download gem karna kalah rangin kredit skor,negatif
positif kali nih game ramahbaik,positif
positif,positif
hibur waktu senggang,positif
positif positif,positif
tarik,positif
positif,positif
hadeh moonton moonton mending hok dah tim gak gak imbang gak main ni ml ganti hok aja,negatif
gamenya positif,positif
positif,positif
gacor wak,positif
gofdddd,positif
gemnya positif positif,positif
positif mohon tim baik,positif
top game,positif
game bocahh,positif
positif,positif
positif,positif
positif,positif
mantapa sekin gratis,positif
game rata dlm main event server indonesia server indonesia pindah game belah hok positif bagi event game play main saran game layak d tutup game moba d indonesia,negatif
kasih lose x udah konsultasi losein mulu,negatif
game tarik,positif
semenjak update kena bug freeze ga gerak buka tolong baik menganggu main,positif
gamenya positif negatif player nya ramah,positif
playernya positif positif gamenya,positif
positif,positif
game positif event positif positif tolong mahal dm,positif
positif,positif
positif,positif
game idiot,negatif
nyesel kasih bintang doang yg positif mas jaring pdhl jaring ku positif positif ajja trus main solo sistem kasih tim slalu boot dn rusak lingkung tanding lapor ku kali respon kredit skor sya terus mnurun game uda rusak parah gk kya lgi,positif
positif,positif
game positif banget tolong update map gratis nya cepat,positif
game yg positif orang yg lelah,positif
game positif,positif
drak sistem,positif
positif,positif
positif,positif
monton gg,positif
positif,positif
game haram,negatif
lawan moba padan high rank nya,positif
ak mw layla gratis,positif
positif,positif
positif,positif
grafik yg positif ajar kalah,positif
positif,positif
game positif positif,positif
sinkat sajabagus,positif
positif strategi positif pas ngespin hero trial doang rugi deh pas udah epic bentar mytic grand master gak kesel pliss benerin bug nyaa,positif
positif,positif
godjob,negatif
positif,positif
positif,positif
positif,positif
game keren main,positif
tim musuh ama tim lawan gak padan tim gw lane nya acak acak trus eror bug nya kalo main menang doang turun renk susah musuh nya gw bagus game pou daru coma bikin kesel doang,negatif
positif,positif
msh positif,positif
game positif suka skin mobile legend,positif
positif,positif
montoon kasih skin gratis ya wkwk,positif
ytta,positif
dark system,negatif
efek skinnya,positif
gem nya positif gen master yg ringan menipa,positif
suka suka suka suka,positif
mati x kuning ngekil aja ngekil,negatif
rangin dark system,positif
game nya positif tpi harga diamond mahal banget,positif
hibur kaum gabut,positif
kurang dark sistem,positif
monton gk ngasih menang satu gua lost treak kali gk kasi menang,negatif
positif,positif
positif,positif
enak banget game nya,positif
positif sih,positif
game bikin lupa maen slot,positif
yuy,positif
bantu skin,negatif
dah,positif
positif enak,negatif
ror banyakin event gratis,positif
positif,positif
game ramah,positif
game nya positif banget,positif
ds,positif
tolongblah player drak sistem hukum berat,positif
positif,positif
gamenya positif bgt tambahin skin gratis lh monton player gratis kayak gw,positif
positif,positif
positif,positif
w gk download game,negatif
game nya positif banget,positif
kadang kiding kadang kedeng kadang kadang,positif
positif,positif
game nya positif tim dark sistem,positif
game favorit,positif
game asli,positif
mohon hilang darksistem,positif
main positif,positif
,positif
positif,positif
matchmaking gapernah ngtnd,negatif
game positif,positif
positif,positif
positif,positif
game positif ramah sehat,positif
game positif,negatif
wow,positif
asu montoon,negatif
gamenya positif eventnya playernya ramah kalo gacha hoki lupa donlod ygy,positif
positif,positif
positif,positif
game rusak bget ajg war mlah positif bodo nih,negatif
tolong baik sistem matchmaking nya kurang darksistemnya kasi player solo rank positif,positif
game positif ngelag hp ram,positif
sipppp,positif
positif tp kadang ad bug ny jd mohon bug ny hps,positif
semangat nun to on,positif
macthmaking nya imbang,positif
paksa aja,positif
game positif,positif
positif,positif
game positif,positif
positif monton,positif
positif game nya bang,positif
positif,positif
positif,positif
positif,positif
game darksistme monton dajall tim egois,negatif
omagatt,positif
singkat pahammm,positif
monton benerin napa game lo ngebang mulu,negatif
positif banget,positif
gem nya positif suka gem musuh ku jago jago malu mobil legends mohon baik,positif
saran baik sistem matchmaking,positif
positif hibur,positif
game ramah suka,positif
positif bet gamenya positif,positif
ml tolong kasih tim yg bener napalose streak mlu capeeee cug lose streak mlu positif sih,negatif
positif,positif
game positif kasih bintang,positif
game cocok main lanang hehe,positif
game positif,positif
game yg positif main orang yg sepi,positif
woi santai kawan,positif
gamee nya ramah,positif
sistem matchmaking nya gak adil coy mending hok aj,negatif
mantabbb bosqoe,positif
woii moonton lu aplikasi ngebug adventure server lu kagak claim starlight,negatif
suka nya,positif
gem nya ga adilmending hapus playstor kalah,negatif
positif,positif
gamenya positif,positif
positif,positif
replay gbisa buka kleng,negatif
game bosok tolol game titid babi burik akeh drak sistem monton tolol,negatif
monton gk adil gk pknya monton gk,negatif
jos game,positif
membaging wkwkwk,positif
positif,positif
mohon rangin dark sistem,positif
game bantu sepi,positif
rame wll,positif
sangan enak d main pesan tolong hero sakit,positif
ngasih tim ngotak ton sesuaiin mek,negatif
positif,positif
positif,positif
sangatt positif,positif
positif,positif
positif,positif
positif,positif
skin argus deth fader,positif
positif,positif
,positif
puts,positif
update ber bree,positif
positif suka main,positif
game positif darksistem,positif
raja,positif
positif kena darksistem,positif
player dark sistem game burik sedih game rudak,negatif
positif darksistemny,positif
positif gametpi tolong baik daftar akun pakai ktp biar bocil gk main,positif
positif game nya main yg positif tampil positif hero skin hero,positif
positif,positif
positif,positif
muas,positif
positif,positif
positif game nya,positif
positif,positif
game nya positif honor of king,positif
positif,positif
positif,positif
baik match making,negatif
game positif akulous trek pusing darah gem tolollllll,negatif
positif,positif
game nya positif grafik positif,positif
negatif,negatif
mantao,positif
game positif,positif
positif game,positif
positif suka,positif
hok jaring ping positif msmain ml jaring mslompat lompat jaringangame rusak,negatif
jarang menang,negatif
game positif sayamenyukai nya bug tolong baik yaa,positif
game nya positif pas cocok hilang lelah habis,positif
positif tambahin sistem mudah main,positif
game enak bangun kerja,positif
woi kasih tim lh kalah gak adil ni momton pukima,positif
gamenya positif,positif
game nya positif hero hero nya positif kalo ngelag suka maju trus suka game ga papa positif aja,positif
benerin matchmaking sibuk skin gratis ketemu tim gak sesuai rank kocak,negatif
gameya positif cuman jaring positif,positif
,positif
game tolol ngasih tim dark sistem sistem geme emg tolol buang aja skin gratis nya kalo tim nya dark sistem kntll,negatif
kapal lawt,negatif
positif,positif
positif,positif
montoon ksi lose trus g kasi ws bnjig,negatif
positif,positif
positif,positif
positif tinggkat,positif
positif game,positif
,positif
positif,positif
game nya roawrrrrrrrrrrrrr,positif
positif game tambahin fitur asisten ml nyebutin hero pick biar positif,positif
jaring kau bagusin anjing,positif
positif,positif
positif suka positif,positif
positif bangit nih game,positif
game nya positif,positif
positif,positif
positif,positif
positif banget drak sistem,positif
user jungle push rank ketemu miya ambil buff x meripot napa napa turunin kredit score nya harap moonton atur menganggu yg main,negatif
positif,positif
positif,positif
tunjuk raja caryy,positif
positif,positif
turun rank nya gak logis nya epic turun grandmaster epic pas turun rank epic sih gak banget,negatif
positif,positif
ya positif enak drak sistem montoon bikin emosi,positif
buruk dark sistem,negatif
positif main klo strees truss main truss kalah stress poko,positif
positif,positif
kasih winstreak min,positif
game positif,positif
god job,positif
tolong benerin tim tim musuh unggul gameplay tim unggul klo cari disamain gameplay nya dpt komunikasi positif,negatif
bug males,positif
woy moonton baik tim gua bot kali tim musuh pro player mending pindak honors of kigs,negatif
positif,positif
mbb positif,positif
event server code reedem dapet skin epic indo code reedemnya isi fragmen pilih kasih main orang indo lu kaya indo orang suka topup gilir event code reedem isi sampah kocak,negatif
event nya positif,positif
positif,positif
suka game positif,positif
game nya positif ramah orang nya,positif
gamenya positif bugnya draw summonnya udah kali,positif
game rusak,negatif
game bug ga jelasapalah tim gua kaya bot musuh nya pro semuasetiap gua main positif muli asa,negatif
positif,positif
positif,positif
kasih menang season kasih tim positif ya ketemu tim netral melulu kasih menang moonton,negatif
positif game,positif
game bikin stres gw kalah mulu,negatif
positif,positif
game positif,positif
positif,positif
mboh darksytem,negatif
positif,positif
main ujung ujung epic game udah gak negatif kawan parah positif tibatiba ping down sinyal crass mancet game parah update buruk main game mending uninstall hidup main game uninstall,negatif
game lawak,positif
main positif,positif
gw suka,positif
positif,positif
positif game,positif
syukakkk,positif
game mobanya udah positif cuman sistem matchmakingny loh kdng sy dpt tim yg g ngerti main lawan jago kago aja sih kurang,negatif
kasih temen yg jago kalah mulu males tim beban males,negatif
game positif,positif
bot,negatif
bleh,positif
bosok lawan nya ga imbang tim nya bot musuh nya joki tolol game ga milih in lawan player main karna kalah males main ni game petot,positif
positif,positif
game nya positif bangettt,positif
magic chess dibikinin aplikasi nya pisah ramai ituu maen,negatif
tambah fitur tarik,positif
yaa jaring nya merah apk tuh,positif
main suka ngetrol game nya positif positif ya gitulah main nya kadang suka aneh,negatif
malesin ahh update mulu,negatif
positif positif game nya,positif
positif banget,positif
aneh,negatif
emosional krna tim egoisbebandarkbodohtolol main poke buang game krna game temankupengisi kosong kosong positif tani soloplay mentok glory otw imortal,positif
suruh paham,positif
ml gua iklan,negatif
tolong baik matchmaking adil seadiladilnya,positif
positif,positif
okewe,positif
positif,positif
game kikir plagiat,positif
game nya positif,positif
positif makasih skin grtaisx,positif
positif main kalah mulu yg bot tim nya drak sistem mage mm dll,negatif
positif,positif
gem positif,positif
game positif,positif
positif tpi event nya adain gratis,positif
game indah,positif
game nya mengibur profesional terima kasih ml,positif
positif game,positif
game nya dark system susah menang moonton kikir,negatif
positif,positif
positif,positif
ml jelek gua kalah trs,positif
mending main hok sana hero positif ga dark sistem,negatif
positif game,positif
positif positif,positif
bug layar potong asu,negatif
positif,positif
puas,positif
positif,positif
game nya positif suka,positif
positif,positif
update gak bagibagi skin gratis kalo nyaman main perhati ping tim fight frame parah lord serang jaring positif guna ponsel spesifikasi tengah paksa beli ponsel positif utama nyaman main event event event mending kalo dapet skin event nya skin gratis tp gaca dapet nya pragment game parah,negatif
moonton kikir,positif
positif,positif
hawuk dek,positif
bang monnton lasih lawan imbang kadang main rang tibanabrak pro pleyer tolong kasih lawan imbang,positif
positif,positif
game ya ngak support proplayer,negatif
positif,positif
positif,positif
game derak sistem,negatif
bug nya main magic chess gabisa on mic,positif
manrab,positif
game positif emosi,positif
positif,positif
kasih dark sistem trus bikin stresss,positif
positif,positif
ml burik,positif
game dlu akumain,positif
game positif,positif
alam,positif
positif,positif
gamenya positif banget,positif
nggak masuk ml loading mulu ml nggak,positif
mohon dark sistem nya baik kasih,positif
moonton kikir,negatif
positif,positif
positif,positif
positif,positif
positif,positif
match making imbang tim lawan untung,negatif
positif jos,positif
geme ny positif,positif
positif,positif
banyakin skin gratis nya,positif
positif bangett,positif
sistem mulu,negatif
jembut,positif
game positif,positif
monton ppkngapa gw d kasih angela aspi mmkgw pan kek layla kekatau ga rubyini dpet angela vvk,positif
kendala susah ganti akun via facebook mohon bantu nya ganti akun facebook langsung masuk apk facebook nya masuk nya google chrome,positif
game ampas tanding ga sesuai harap,negatif
suka game positif,positif
play store hapus aja nih game gw udah muak gw kasih kalah mulu ga menang hapus aja gw udah muak ama nih game,negatif
ml nih bos,positif
positif,positif
,positif
game ny positif banyak skin gratis hehehheh,positif
positif,positif
positif,positif
positif wing,positif
positif game,positif
positif,positif
ngasih tim gabener,negatif
game nya positif soyu kluarin nggak suka gw,positif
joki anjirrt,positif
b aja,positif
kesel turun rank gak suka season kecewa males main hapus aja,negatif
games nya positif,positif
butuh dm,positif
okeee siipppp,positif
utama skin ya montoon,positif
benerin match nya,positif
ga gagal,positif
game gg,positif
positif,positif
ml konto masak paket game gk main ngurang skor kredit nya aneh bgt sumph,positif
game positif,positif
positif bet,positif
jooz,positif
udahh thn main mail mobile legend bosan jgaa,positif
positif monntoon,positif
game positif,positif
positif,positif
negatif moonton gua main loh ban menit alas bilang afk lucu,negatif
gamenya ramah anak anak kenal satwa liar suku indonesia download karna ilmu ulang salah dapat dunia,positif
game tolol gajelas tolol montoon dark sistem,positif
,positif
game buriqqqq,negatif
positif,positif
why fit play in the waiting area before entering the arena gk can enter meulang continue this happened there pas application modification please his help,negatif
animasi lambat kali positif,positif
moba positif,positif
skin legend gratis min,positif
game nya positif cocok isi luang,positif
dark sistem,positif
keremnnnn,positif
baik sistem tim,positif
positif,positif
game positif,positif
positif,positif
full toxic,negatif
moonton buatin event ramadan,positif
game nya buruk banget gak main dah ni game buruk banget main gua dah game nya buruk,negatif
game ny positif banget,positif
positif game jos,positif
positif game,positif
positif,positif
game seru,positif
moga maju kembang,positif
gile banget,positif
gem kont,positif
raja carry,positif
positif,positif
game positif,positif
positif,positif
gamenya begus banget kasih skin gratis positif pakai syarat diamond kententuan paham hhhhhh gotri,positif
monton tolong main atur jaringankalau positif ga mainmasa rank ketemu tim leg tolonglahsaya cape tim badutpas war positif pas mati lancar nicebanyak trol blok,negatif
positif main ga stress,positif
event diamon ditiktok balikin,positif
game positif tolong kasih darksistem,positif
lanjutkandan kembang,positif
game ampas update ngelag,negatif
,positif
positif,positif
usaha bot,positif
positif bngt,positif
positif bangetttt,positif
positif,positif
woi kalo ngasih tim positif pas mau rank turunin kasih tim tolol gw hapus ni game pindah hok aja gw puqi,negatif
positif,positif
game yg positif game yg tani sampe suka dngn game tpi loby skrng bagus yg dulumakasih papi moonton udah ngasih skin epic gratis guna player gratis hbd mlbb,positif
positif,positif
positif,positif
positif game nya nikmat game nya,positif
tydack,positif
ntahlah,negatif
tim main lawan banding,positif
game jelek gak maen,negatif
positif,positif
moonton ngk kasih tim fider mulu,positif
positif,positif
moonton plis kasih gua dark sistem cape gua moonton,positif
gg sih ni game,positif
moga kominfo blokir game game rusak mental sy,negatif
dark sistem,negatif
game aneh dark system,negatif
positif,positif
gema positif banget,positif
milik alam buruk kalah,positif
ayo download mobil legend bang bang,positif
positif game,positif
guuud,positif
musuh jago tim gw kek orang gabisa main gak imbang,negatif
positif,positif
positif,positif
gamenya muas,positif
positif,positif
positif,positif
bolone gak penak,positif
positif,positif
game babi,negatif
baik sistem matchmaking,negatif
positif tantang,positif
positif,positif
wow,positif
mobile legends draft pick nya yg gk imbang,positif
lebur,positif
alam main buruk,positif
game kontol,positif
positif,positif
ganti akun aj susah bener bag,negatif
positif,positif
game nya positif positif kena dark sistem,positif
gamenya positif musuh tim performa pro,positif
bagu banget,positif
puas positif,positif
positif positif,positif
positif dn positif,positif
positif,positif
positif,positif
suka game bosan,positif
positif,positif
positif tarik perhati,positif
drak sistem su,negatif
positif,positif
game positif,positif
jelek burik ff,negatif
kirain hp yg masalah karna pakai hp oppo a yg ram yg chipset mediatek ganti hp yg ram positif kalang orang susah ngak cuman ram chipset nya snapdragon jaring dai patah patah pdhl udah pake grafik standar sinyal ping pass ingamee kayak berat jaring ubah drastis oh ya skin event apk tarik hiro unik paham smg lbh lgi,positif
game tolol sampe main gua udah hapus,negatif
positif game nya,positif
wow,positif
woow,positif
game ny positif,positif
game nya positif parah,positif
positif ada event gratis,positif
game sugoi,positif
positif,positif
positif,positif
franko sekin aldos sekin cow sekin,positif
haaaa kasih bintang pas lobby leg pas main jaring hijau patah patah leg parah bug jaring tolong baik yah moonton,negatif
buruk,negatif
tolong rank epik rangin drak sistem nya montob,positif
enak gembnya main duel,positif
dancok los treak ae mesti arep munggah neng epik ae rai so asu muntun dancooooooooook,negatif
dark sistem,positif
gamenya udah positif dark sistem jaring kadang ngk positif pas main,positif
game positif ngga bikin bosen,positif
positif,positif
positif leee,positif
player yg rada,positif
game gw,positif
tarung,positif
positif,positif
positif,positif
banyak light sistem nya ya min,positif
positif hok,positif
kurang beban memory trlalu berat main nya,positif
positif,positif
positif,positif
mls ah d kasi tim dark sistem trs,negatif
positif ni game,positif
,positif
akun ku main kalah terusss pusing akuketemu tim gak becus smua ayo moonton tim tara,negatif
bikin mood cihuuy,positif
positif yoi,positif
parah musuh kompak jago tim badut kacau moonton kecewa,positif
game nya positif selamat ulang mobile legend,positif
upgret kendala d sinyal,positif
game positif positif gg,positif
game nya buriqtapi boong game nya bagush,positif
b aja,positif
positif,positif
kasih gw tim yg positif,positif
game ber senangsenang,positif
hero positif kesultanya positif,positif
positif game,positif
woy moonton duit aja cari magic chess baik positif patah slot hero,negatif
ketemu dark sistem dapet skin gratis,negatif
,positif
game ngetrol tim lol musuh rrq asu cen game,negatif
moonton tolong kalo pas main kasih team positif poke,positif
jam main menang sinyal wifi putus wifi nyala nyerang musih ngelag pingnya pokok game aneh dh males main,negatif
sukatapi darksistem mulu plis moonton kasih dark sistem,negatif
goddd gameee,positif
positif,positif
game bikin stres,positif
der,positif
moga ga darksistem,positif
game ramah,positif
positif,positif
kecewa moonton game nya gin y kesini beda y nerusin download an ajj nggk udah update nerusin update selesai nya nggk,positif
drak sistem nya gg bangett ya,positif
ngasih tim nya gk ngotak,positif
game positif,positif
positif,positif
great game,positif
positif,positif
positif,positif
jadiin gw top global argus,positif
game positif,positif
kurang kikir ya positif,negatif
teman sedih,positif
game positif positif,positif
kali size nyaa,positif
positif,positif
game positif,positif
positif,positif
gin aja kalo pin pin bocos,positif
game positif,positif
cukupp positif game ny positif lahh,positif
baagguuusssss banget wellllll,positif
positif,positif
gem positif banget,positif
game uji sabar,positif
pokok game game moba positif,positif
positif,positif
gamenya grafik hero skinnya efek skinnya recallnya skin collabnya positif pokok gk yg dah,positif
positif,positif
positif,positif
aneh sistem monton ni kalah mes klo menang aja mvp gak coklat,positif
positif banget,positif
main game lomba,positif
positif,positif
game nya positif,positif
positif,positif
tanding adil,negatif
game positif,positif
game burikkkkk season kasi dark sistem,negatif
game bagustapi tolong sinyal nya baik kadang ngelag ijo sinyal,positif
game nya positif banget hero nya grafik positif efek jugatapi suka ngelag sukajadi mabar teman teman pokok positif,positif
moonton,positif
bilang lut gem jelek kasih bintang sidak,negatif
positif,positif
positif game,positif
positif,positif
ya game positif rada ngeselin klo udh kasih tim dark sistem mulu,positif
kaciw,positif
game positif menyukainyadengan laingame game moba positif,positif
patch stuck,positif
moga jaya kalo akun dark system yg winratenya bawah sampe masuk server hard ya user roam cape bilanginnya,positif
positif,positif
game positif stres klo lose streak,positif
positif,positif
jos,positif
,positif
main dunia,positif
ml jelek gak suka,negatif
lawan nya gak tara tolol,negatif
game positif,positif
positif,positif
positif,positif
positif paths,positif
gacor,positif
suka game,positif
positif,positif
positif,positif
game positif cuman hp ram udah ga enak patah patah,positif
monton anj beban piatu gblk kasih kalah mulu anj game burik mending honor of king positif burik burik hahahahaahaha bagus hok ml apaa,negatif
penuh dark system,positif
positif game,positif
minimal kasih tim lu kasih tim hyper nana ngotak blog,negatif
positif banget,positif
cakep,positif
positif gamenya,positif
positif gamenya monton kasih ws bang,positif
tolong baik match macking nya tolol,positif
game,positif
tarik,positif
main yg sngt,positif
positif,positif
ga wajar moonton dpt tim nya jokisn mulu snj darksystem,negatif
positif game nya ramah,positif
game drak sistem,negatif
positif sih main gak gerak,positif
positif,positif
positif,positif
gamenya positif,positif
positif,positif
the positif,positif
positif,positif
positif,positif
game positif main,positif
positif,positif
geme bikin emosi ledak,positif
,positif
kasih bintang nihtapi kikir,positif
min adain fitur maju mundurin replay min biar kalo record gameplay gampangggg pls min kurang dark system,positif
negatif bgt kdng ngeselin,positif
positif bgtt game hilang stres ya adik,positif
positif,positif
positif positif ngisi luang game positif,positif
plis montoon kurang download data hp cuman ram gb positif parahhh,negatif
positif,positif
,positif
positif,positif
drak sistem,positif
positif lampias,positif
positif,positif
nyesel sih kasih bintang game nyari in tim musuh ga imbang saran gw mending main hok aja gw main hok ping hok stabiltim musuh imbang main nya positif banget nya imbangga pilih kasih moonton mentang tim esport bikin divisi hok ga buattin recal bjir pilih kasih bet rating hok aja,negatif
banyak dark sistem,positif
positif,positif
positif,positif
team gendong mythic,positif
positif,positif
sistem game adil tim musuh main g ngotak gilir tim gw aja gaje main,negatif
gamenya positif rangin dark sistem ya muntun,positif
trakhir main ml cape,negatif
,positif
tol,positif
game yg very positif,positif
versi,positif
cocok main isi luang,positif
game nya positif tarik,positif
positif game nya,positif
untukhiburan,positif
positif,positif
positif,negatif
positif,negatif
gg geming,positif
positif,positif
positif,positif
gk positif gamenya gak imbang main hapus z n jaring jg jelek kl z ad bintang nol q kasih bintang nol kecewa bngtt ayo pindah game honor of king,negatif
ya,positif
game positif,positif
dasar gem buru celasik aja gabisa woy gem por,negatif
goood,positif
game positif positif,positif
positif,positif
rangin player dark sistem nya min,positif
main season positif,positif
positif,positif
game gg,positif
positif,positif
ya tingkat positif jaring,positif
kasih tim waras moonton,negatif
plagiat,negatif
nicee,positif
positif hok gak sistem nya,negatif
positif,negatif
gw hapus aja gameuntuk ram masak main nge freezz mulukalau ga sendiridi hok ram aman aman ajaml aneh,negatif
positif,positif
sdah tdk positif moonton bnyak pake joki,negatif
moonton kasih dark sistem amin,positif
positif,positif
b aja,negatif
positif coy,positif
tim kaya babi,negatif
tolong bn aja akun deraksitem ya ml,positif
positif,positif
positif,positif
sinyal ny bikin stres ngelag positif sinyal hp nya loh,negatif
kerenn,positif
positif,positif
biar bintang,positif
positif game nya,positif
game positif,positif
game burik gua kena dark sistem mulu historis ml ku full lose streack burik mending hok,negatif
positif,positif
positif,positif
game nya positif,positif
hitam,positif
,positif
baikketika event persen skin utama,positif
kasih tim yg waras muntun,negatif
kalo ngasih dark system bener aja mitik langsung kasih dark system kali ga main ml kalo gin trus moonton kntl,negatif
gme nya sru,positif
positif,positif
benerin tuh server ngelek mulu klo gin pindah hok aja,negatif
positif,positif
positif,positif
grafik positif,positif
positif,positif
gamenya positif,positif
negatif uyy,positif
gam taiiii binatang,negatif
gacorr wakk,positif
,positif
matching ga ga imbang,positif
positif tingkat hukum afk ya,positif
gen positif,positif
positif game,positif
myulll,positif
positif,positif
positif game,positif
gamenya positif playernya ramah ramah,positif
game tantang grafik ynag positif,positif
positif,positif
positif,positif
senang hasil yg terima,positif
antar gabut,positif
positif game,positif
gua nanya tengah game mesti gk gerak main mlbb to long tengah baik game buruk mu anj,negatif
enak banget gamenyaaa,negatif
positif game nya positif,positif
makasih ayah moonton,positif
oper power,positif
game positif cuman ras,negatif
bismillah imoo,positif
game positif,positif
positif jgn sistem,positif
merosahkan,positif
main main game game positif dah,positif
positif,positif
positif,positif
positif,positif
mulululi,positif
positif,positif
positif,positif
positif,negatif
game positif bosan event skin senang main nya,positif
wow enak monton ringkas drak sistem nya,positif
positif,negatif
bismillah win streak,positif
game nya ramah,positif
positif,positif
sayang ram nya,positif
positif gg,positif
gimana si dapet tim bot mulu afk mitik ajah dpet tim lol moonton,positif
jelek,negatif
siuuuuuu,positif
positif dah,positif
bioe,positif
gem positif suka main gem inidan gem bantu kompak tim,positif
kenang indah lampau,positif
game nya positif,positif
saran ton kalo ngasih player tanggung tanggung bego nya,positif
positif babi,negatif
positif,positif
bnyk drak sistem,positif
banyakin skin gratis moonton,positif
positif kalo atur lobby rank pilih role yg main draftpick tabrak role yg yg main,positif
positif abiss,positif
sangt hibur,positif
positif bangeett,positif
udah gak ramah,negatif
positif,positif
positif,positif
,positif
game nya positif,positif
download aplikasi,negatif
game gaje tolong yg mas mula tambahin tutorial biar ga nyusahin dark sistem,positif
gamenya positif,positif
geme bangussss,positif
,positif
mobilejen goodd,positif
wawww,positif
guggnjn vbb,positif
positif,positif
positif ngisi gabut,positif
okoo,negatif
suka game mlbb nya hibur,positif
this game is positif,positif
,positif
positif,positif
moonton tolong turun dage nya hero belerick yh kuat,negatif
positif skinnya,positif
kasih skin gratis muntun,positif
montoon banget gasih skin gratis semangat main,positif
positif,positif
positif dapet skin gratis positif makasih moonton,positif
positif,positif
gacor king,positif
ahh gjlss tod,positif
positif,positif
monton coba gh kalo ngasih musuh bener aja gw maen mobile legends kalah mulu coba monton klo ngasih musuh tuh ngotak dikit ga cape naikin rank kalah mulu,negatif
game positif,positif
hibur,positif
kerennnnn,positif
positif tarik,positif
gak buka,negatif
positif mengasikkan main moba,negatif
game moba positif lebih hok senggol wkwkw,positif
mayan,positif
gamenya positif,positif
positif,positif
dark sistem,positif
not bad,negatif
montaon coba kasih tim gk drak sistemmonton hok,negatif
game positif ku mainin,positif
positif latih sabar,positif
top,positif
lawan yg imbang,positif
senang mobile legend tambah skin nya,positif
game moba bagus,positif
positif,positif
kasi keras musuh monton telaco,negatif
game nya enak sih kalah dark sistem,positif
game nya ramah cocok anak,positif
positif bosan bosan,positif
tingkat trus,positif
positif gamenya,positif
positif banget,positif
positif game nya,positif
positif,positif
suka game,positif
,negatif
sukaa,positif
positif,positif
ngasih tim yg bener dikit solo kek ggada benernya mvp kalah,negatif
negatif,negatif
tolong hapus drak sistem nya,negatif
positif,positif
game sangad positif game ajar ketoxican sangad sangad bantu hidup seharihari download game masuk surga,positif
rangin dark sistem moonton bangke,positif
positif,positif
game aneh kalo gk dimainin hidup ang ang ang,positif
positif bgt,positif
positif game,positif
positif,positif
gamenya positif,positif
positif ml game positif hero suyou positif parah,positif
positif,positif
positif,positif
kalo ngasih tim bener dikit babi,negatif
main positif,negatif
raja carry,positif
positif,positif
positif,positif
admind admind moonton binatangmampus manusia manusia sampah gak gunajangan yg dowload game game penipuanadmin admind moonton nya tipu semuahati hati,negatif
positif orang ras,positif
,positif
game rusak kasih tim dark system,negatif
gamenya positif,positif
positif jobb,positif
segi grafik positif segi tim seimbangdan bug contoh bug ngestuck download management resources mohon baik jaring masalah sinyal positif,positif
game nya positif,positif
positif,positif
game positif no toxic,positif
game nya positif,positif
positif,positif
positif bagu,positif
game nya banyak dark sistem bikinin skin legend gratis misi ya moonton,positif
,positif
positif,positif
game nya positif positif,positif
game,positif
game positif,positif
gem nya positif,positif
positif lh dark sistem nya tantang,positif
game ramah,positif
positif gamenya gratis skin positif,positif
game positif,positif
game mudah,positif
game taekkk moonton gj ngasih tim adil sattt gua kasih tim stak epic musuh kasih udah glory taekkk moonton taekkkkkkkkkk,negatif
game positif,positif
game nya positif positif,negatif
positif montoon nyiptain game positif,positif
gacor,positif
sistem bobrok sistem lucu nggk tau main naikin pangkat jago dapetin dark sistem game lucu,negatif
positif,positif
lumyan hrus nya bnyak skin gratis,positif
mangeak,positif
game gk positif drak sistem mulu anj,negatif
positif,negatif
positif banget game,positif
game keren,positif
positif,positif
negatif,negatif
gamenya positif ramah,positif
cocok sabar,positif
tarik,negatif
jaring nya positif aplikasi nya update,negatif
positif,positif
positif bg moonton bang,positif
game kontool positif eh ga login,positif
game yg positif,positif
game positif hero positif yg ga positif nya tuh drak sistem s pick saber roam ga roam kadang kadang miya roam seginih sih,positif
mending ga download game buka nambah neng pas stress nya nambah stress,negatif
negatif,negatif
jos,positif
kerennnn,positif
senang mobile legends alam sendiri,positif
ndak tau,negatif
mantabs,positif
positif,positif
serubdan tantang,positif
positif,positif
tolong mobile legend rat hukum laku afk,positif
hilang bot tdk masuk akal main tdk rugi team,positif
positif gem nya kalo pas main suka geleg,positif
game nya positif,positif
moga jago,positif
game positif sampe,positif
enak main ny kdng bikin stres jga,positif
game nya negatif positif kadang dapet drack sistem,positif
positif,positif
b aja,positif
gw dapet tim gak percaya game mending hok aja positif percaya gw game jelek hok hok positif season muncul nambah dark sistem hapus aye dark sistem nya moonton men w pindah hok,negatif
game nya positif positif mabar kasih bintang,positif
positif,positif
moontonnn tolol gw kasih ls mulu anjinggg,negatif
game positif,positif
gw spam afk overdrive makasih moonton karna afk overdrive gak kena report,negatif
dark system,negatif
positif moba positif,positif
perfect,positif
game jelek kalo positif sinyal bagusin bodooh,positif
scam,negatif
bagus ml hok,positif
positif,positif
apk orang negatif tolong kasar,negatif
positif jelek,negatif
wow,positif
positif,positif
positif,positif
gem nya positif,positif
positif,positif
game ramah kasar terkadang main positif greget tantang kadang emosi karna team bolot kali mythic,positif
game nya positif,positif
main rating,positif
woi kasih win ajink lose mlu kerja monton ashu mytik aja susah anjik,positif
tolong bantu gimana game mlbb ku gk buka cuman mentok loading moonton mobile legend bangbang doang gitu ulang ulang bolak pliss bantu masuk gamenya tolonggggg,negatif
positif,positif
pelit skin,positif
positif,positif
josss makan gratis,positif
nais,positif
happy birthday,positif
,negatif
positif,positif
kasih skin epic gratis bintang,positif
emng negatif game,positif
gamenya positif negatif bintang mlbb moga sukses,positif
positif,positif
enak sih game nya,positif
gamenya positif,positif
kasih losetreak mulu ken gw sepiin game lu,negatif
positif,positif
positif,positif
positif toon,positif
game sngt hibur,positif
minimal kasi ws kontll,negatif
positif,positif
game nya positif banget ngisi luang,positif
bashh,positif
positif,positif
gamenya udh positif tim positif dark sistem gk tau role mikro makro,positif
game burikbagus,positif
permaina positif,positif
jos h,positif
positif,positif
positif,positif
game positif wajib dwonload sih,positif
positif dg update data,negatif
hibur game,positif
positif positif,positif
positif sih drack sistem,positif
game nya positif,positif
kasih musuh yg drag sistem nonton capekk,positif
game nya bagussaya suka,positif
neng aja,positif
positif,positif
raasis playernya,negatif
singkat aja positif banget plis,positif
,positif
ketemu dark system,negatif
b x veksbdiedej diwwksbus kbduene d lol,positif
positif mohon ngumpulin bp nya mudah,positif
kalo udah ls gak renti renti,positif
main positif apik,positif
sumpah seeuh sih ku negatif bgt main nya,positif
positif,positif
